date,monsta usd,monsta bnb,cake price,bnb price,circ. supply,burned tokens,burned %,vault syrup bars,vault usd,vault bnb,liquidity usd,liquidity bnb,trades,trade volume usd,trade volume bnb
2021-06-20,0.00093977227696302,0.0000028080,15.452530463376299,334.72986923144487,9753877337.85,246122662.14999962,2.46,0.00,0.0,0.0,312393.34505763056,933.27,6911,3183064.039029138,9509.351664187003
2021-06-21,0.000911019355627534,0.0000026839,15.973092374466624,339.5272153365728,9664615245.79,335384754.2099991,3.35,0.00,0.0,0.0,318734.56866936106,938.76,2059,895673.5475349224,2638.002219194837
2021-06-22,0.00049105871990022,0.0000018097,12.098521647109239,271.3177058067557,9628876002.51,371123997.4899998,3.71,0.00,0.0,0.0,210900.6790777074,777.32,1138,503725.71176526014,1856.589898058608
2021-06-23,0.000510189795690236,0.0000019550,11.953931621987461,260.9810064210772,9603392125.87,396607874.12999916,3.97,0.00,0.0,0.0,212133.1914492442,812.83,1042,390793.34044384415,1497.4014615198569
2021-06-24,0.000522441376947652,0.0000017629,13.579751961205663,296.3138694179518,9584082640.19,415917359.80999947,4.16,0.00,0.0,0.0,229741.0323758206,775.33,777,213922.44134293168,721.9454214652142
2021-06-25,0.000382145871629115,0.0000012427,13.783793519800497,307.68036636596224,9571561990.69,428438009.30999947,4.28,0.00,0.0,0.0,200755.2854464631,652.48,652,185924.05432498918,604.2766281155773
2021-06-26,0.000347986750448966,0.0000012353,12.220988816270445,281.72814911608464,9557763004.32,442236995.6800003,4.42,0.00,0.0,0.0,183250.07459255727,650.45,483,106057.04612030524,376.45171933673186
2021-06-27,0.00035218633922675,0.0000012632,12.224269321983375,278.86084377096597,9549468962.65,450531037.3500004,4.51,0.00,0.0,0.0,183713.52387631236,658.8,521,231807.64698544593,831.2663902567626
2021-06-28,0.000634683498791665,0.0000021857,13.04028327040224,290.321491065056,9537285875.23,462714124.77000046,4.63,0.00,0.0,0.0,252245.82751187394,868.85,544,198587.60261572557,684.0265317155785
2021-06-29,0.000484326903294247,0.0000016724,13.300238096008462,289.51915256689574,9526335629.12,473664370.87999916,4.74,0.00,0.0,0.0,220561.48080851254,761.82,373,110582.72819097244,381.9530666988306
2021-06-30,0.000654108695781025,0.0000021789,13.758478026398835,300.3047052656109,9521495069.28,478504930.7199993,4.79,0.00,0.0,0.0,261430.26116897754,870.55,416,125428.19892752517,417.6697758251491
2021-07-01,0.000601078740249855,0.0000019795,13.846715560997092,303.3956114780201,9514804994.30,485195005.70000076,4.85,0.00,0.0,0.0,252112.6512698903,830.97,538,146767.089845565,483.74822935168845
2021-07-02,0.000490746969568849,0.0000017039,12.840770499809196,287.8538931429057,9506947624.92,493052375.0799999,4.93,0.00,0.0,0.0,222277.8977460204,772.19,574,228549.55593050743,793.9776441274097
2021-07-03,0.000618612951331875,0.0000021564,13.005056880018484,286.8187612925259,9497170698.40,502829301.6000004,5.03,0.00,0.0,0.0,249767.5137087574,870.82,661,139003.7390061837,484.639632288259
2021-07-04,0.000759326800618094,0.0000025503,13.56063659338305,297.70620710821885,9491718506.44,508281493.55999947,5.08,0.00,0.0,0.0,282335.63563522155,948.37,1285,463405.30759698414,1556.585978163808
2021-07-05,0.000608362573195353,0.0000019780,14.160018131182952,307.4426422149684,9477344758.44,522655241.55999947,5.23,0.00,0.0,0.0,257821.39976147248,838.6,847,224117.98290138895,728.9749440309663
2021-07-06,0.000783025011252243,0.0000025856,14.067294027615803,302.77160061873093,9469317461.82,530682538.1800003,5.31,0.00,0.0,0.0,285677.1160477973,943.54,650,176376.68572143393,582.5403880713984
2021-07-07,0.000659291024836637,0.0000020573,15.455729383074186,320.3826869938837,9423052021.86,576947978.1399994,5.77,0.00,0.0,0.0,270095.4204433237,843.04,468,137937.97123373812,430.5412771457637
2021-07-08,0.000646649870890005,0.0000019767,15.167777097279865,327.11922165212894,9356364079.03,643635920.9699993,6.44,0.00,0.0,0.0,270638.8168416724,827.34,562,157636.4042628476,481.89282019778136
2021-07-09,0.000536026681795007,0.0000017282,14.3301257124374,310.3577918385594,9349439371.60,650560628.3999996,6.51,0.00,0.0,0.0,240480.73500610777,774.85,332,86801.57968860204,279.68229563172724
2021-07-10,0.000508063266738314,0.0000016016,14.582798393975196,317.2175106320253,9345360022.69,654639977.3099995,6.55,0.00,0.0,0.0,236844.1099631891,746.63,425,90862.71717144578,286.4366377203155
2021-07-11,0.000422364891265056,0.0000013381,14.939114254080382,315.95562987460335,9339965971.17,660034028.8299999,6.60,0.00,0.0,0.0,215845.08854883528,683.15,252,61776.0000355341,195.52112446944466
2021-07-12,0.000449939894640546,0.0000013975,15.131456765270933,321.98146430250785,9336564685.98,663435314.0200005,6.63,0.00,0.0,0.0,224968.44910816225,698.7,328,70670.09872525548,219.4849907846234
2021-07-13,0.000369599719087336,0.0000011674,14.851999143887781,316.64869621258293,9332162178.54,667837821.4599991,6.68,0.00,0.0,0.0,202078.86494894617,638.18,302,109050.77576933606,344.3904145941107
2021-07-14,0.000336351427262254,0.0000010916,14.43761427485299,308.1728592483279,9324249587.18,675750412.8199997,6.76,0.00,0.0,0.0,190450.82701546664,618.0,197,29945.78482448931,97.17203811370938
2021-07-15,0.00032820579078707,0.0000010634,13.970228728843459,308.73648296645115,9322007799.53,677992200.4699993,6.78,0.00,0.0,0.0,188403.35136544713,610.24,216,39476.441143823395,127.86451657581753
2021-07-16,0.000355609176085562,0.0000011288,13.654847008301521,315.03927459770216,9319179260.59,680820739.4099998,6.81,0.00,0.0,0.0,198181.75647117654,629.07,228,60749.593522018935,192.8318099373316
2021-07-17,0.000294649858899283,0.0000009742,12.818686199172351,302.58345215916466,9314113755.12,685886244.8799992,6.86,0.00,0.0,0.0,175401.57554762458,579.68,117,14847.573989734512,49.06935221931569
2021-07-18,0.000300366499254953,0.0000010002,12.718563598830302,300.21092675156325,9312860183.56,687139816.4400005,6.87,0.00,0.0,0.0,176346.90048313575,587.41,164,28019.172822952063,93.33162229014758
2021-07-19,0.0002833522395472,0.0000009355,12.961672719583003,302.73582114303866,9310371096.03,689628903.9699993,6.90,0.00,0.0,0.0,172050.8218720118,568.32,233,65696.27514563233,217.0085948124114
2021-07-20,0.000253501459222007,0.0000009055,12.03321027406809,280.0342574141004,9303748314.06,696251685.9400005,6.96,0.00,0.0,0.0,156625.96051428048,559.31,244,47057.76079320851,168.04287171059178
2021-07-21,0.000249707264144588,0.0000009428,11.2483974643526,264.94976912024094,9298447412.64,701552587.3600006,7.02,0.00,0.0,0.0,151328.71013071682,571.16,1267,115667.21233695814,436.562797246543
2021-07-22,0.000369691648333688,0.0000012632,12.912771753779614,292.56163381343276,9289822369.45,710177630.5499992,7.10,0.00,0.0,0.0,193728.4626785789,662.18,488,34796.539684320276,118.93746705868519
2021-07-23,0.000347170252243408,0.0000011841,12.978142033825996,293.2180820981926,9287347273.66,712652726.3400002,7.13,0.00,0.0,0.0,188078.87440024372,641.43,382,36655.32726633441,125.01045980533799
2021-07-24,0.000336802574327055,0.0000011276,13.734811336890054,298.785567805207,9284337300.39,715662699.6100006,7.16,0.00,0.0,0.0,187114.46183801087,626.25,305,34937.681706648866,116.93229349493366
2021-07-25,0.000306326323704869,0.0000010173,14.028318780760895,301.10585063591486,9281435946.74,718564053.2600002,7.19,0.00,0.0,0.0,179757.1817711348,596.99,213,13629.175797716769,45.26373622077713
2021-07-26,0.000302538515801052,0.0000009994,13.914704421790441,302.50248412873987,9280233708.49,719766291.5100002,7.20,0.00,0.0,0.0,178924.1693124671,591.48,252,43014.3659830216,142.19508347810927
2021-07-27,0.000291866893467815,0.0000009583,14.301161716136136,304.46688690564497,9276654224.84,723345775.1599998,7.23,0.00,0.0,0.0,176447.69496842846,579.53,166,21437.852629636138,70.41111382427533
2021-07-28,0.000321812251264965,0.0000010272,14.776103345169945,313.24506029710034,9274848937.92,725151062.0799999,7.25,0.00,0.0,0.0,188006.55273971666,600.19,261,45336.11876699329,144.73051458175846
2021-07-29,0.000341471672631498,0.0000010908,14.888461531001951,313.04919960338094,9271597319.64,728402680.3600006,7.28,0.00,0.0,0.0,193730.49717455235,618.85,178,19767.782642699138,63.145929354695724
2021-07-30,0.000315984684472948,0.0000009966,14.93553538663967,317.1358698891198,9270038393.54,729961606.4599991,7.30,0.00,0.0,0.0,187642.95149599444,591.68,149,30168.993478113014,95.12955279597035
2021-07-31,0.000301935039505086,0.0000009359,15.184741163038959,322.46614699313557,9267524305.44,732475694.5599995,7.32,0.00,0.0,0.0,184969.8065767325,573.61,119,10324.734317373894,32.018041005692545
2021-08-01,0.00030271240877289,0.0000009104,16.021143467133534,332.44575782258755,9266613483.30,733386516.7000008,7.33,0.00,0.0,0.0,188104.45869117655,565.82,156,25751.17693131987,77.45978501871032
2021-08-02,0.000318640768273664,0.0000009555,16.02057479997723,333.54416318761497,9264304613.73,735695386.2700005,7.36,0.00,0.0,0.0,193322.19698354168,579.6,124,10331.866538309714,30.976007613415046
2021-08-03,0.000314023195361626,0.0000009491,15.854521522470225,330.9410781750686,9263224753.69,736775246.3099995,7.37,0.00,0.0,0.0,191194.5890940824,577.73,201,66016.46793202941,199.48103238216487
2021-08-04,0.000282751715806016,0.0000008753,16.252131248566354,323.05631446115524,9257131364.49,742868635.5100002,7.43,0.00,0.0,0.0,179415.78536229176,555.37,178,31487.93074637571,97.46886018586667
2021-08-05,0.000330433296718891,0.0000009861,17.555038089818996,335.11749720390145,9244628228.80,755371771.2000008,7.55,0.00,0.0,0.0,197776.29332482652,590.17,159,43397.075865628,129.49809015559444
2021-08-06,0.00037685094598755,0.0000011133,17.502471426656268,338.4629629768523,9239052517.33,760947482.6700001,7.61,0.00,0.0,0.0,212405.81704575339,627.56,277,85912.28587930993,253.8306854129429
2021-08-07,0.000345013163052856,0.0000010088,18.07048969507307,341.89720282520705,9231982541.14,768017458.8600006,7.68,0.00,0.0,0.0,204478.46009367157,598.07,207,44074.3465005261,128.91110584212313
2021-08-08,0.000330645839378275,0.0000009286,18.22535595142345,355.95655386874904,9228180773.16,771819226.8400002,7.72,0.00,0.0,0.0,204322.6214862006,574.01,228,83154.91580861426,233.60973384205695
2021-08-09,0.000306947256024961,0.0000008975,17.374738231519892,341.9405910680039,9179123383.58,820876616.4200001,8.21,0.00,0.0,0.0,187373.18568753416,547.97,214,89058.104210692,260.4490561723935
2021-08-10,0.000277629746256784,0.0000007836,18.363057960772114,354.2599448357951,9083528071.61,916471928.3899994,9.16,0.00,0.0,0.0,169219.34784971425,477.67,220,72478.36691875859,204.5909168544398
2021-08-11,0.000274869701872957,0.0000007400,18.829430934909052,371.47638667537336,8997078226.60,1002921773.3999996,10.03,0.00,0.0,0.0,161443.6376491173,434.6,257,95350.4999775633,256.67984129739153
2021-08-12,0.000271146705372549,0.0000006912,19.6991317124076,392.24171472924047,8941099097.45,1058900902.5499992,10.59,0.00,0.0,0.0,158728.45469948178,404.67,157,28978.707476078882,73.87971852020512
2021-08-13,0.000262695035910304,0.0000006827,19.436337210244883,384.75258358611,8906151753.49,1093848246.5100002,10.94,0.00,0.0,0.0,150738.36719736617,391.78,168,44989.69987785753,116.93150818775088
2021-08-14,0.000291119822281273,0.0000007103,21.078907335928275,409.8760841217344,8891353879.59,1108646120.4099998,11.09,0.00,0.0,0.0,162401.10205071358,396.22,167,25838.39594401076,63.03953059221842
2021-08-15,0.000321745874548474,0.0000007853,20.738533962277877,409.5721425445435,8872456538.42,1127543461.58,11.28,0.00,0.0,0.0,168137.555957386,410.52,251,56608.032334158044,138.2126039687906
2021-08-16,0.000425837398564586,0.0000010252,21.11612248578777,415.3255108597562,8833217791.79,1166782208.209999,11.67,0.00,0.0,0.0,194040.0786736781,467.2,528,109577.20950339468,263.83452650563487
2021-08-17,0.000510743010764693,0.0000012246,21.376490819438203,417.00776531004595,8819225763.15,1180774236.8500004,11.81,0.00,0.0,0.0,211139.37173178248,506.32,348,56364.51348320568,135.16418199382588
2021-08-18,0.000446651309415826,0.0000011135,21.396496301672403,401.1596351482857,8811484400.81,1188515599.1900005,11.89,0.00,0.0,0.0,192713.07712888496,480.39,190,30028.4781078967,74.85418640586033
2021-08-19,0.000470282460876279,0.0000011842,21.417795502255892,397.14919876486465,8800434560.19,1199565439.8099995,12.00,0.00,0.0,0.0,194734.16663037607,490.33,292,17627.0733145444,44.3840082502109
2021-08-20,0.000501971783512017,0.0000011668,22.373223317460987,430.2096987344169,8783864125.52,1216135874.4799995,12.16,0.00,0.0,0.0,205558.49615229174,477.81,205,31342.859805964847,72.85484241328984
2021-08-21,0.000504669599945255,0.0000011120,24.295635036081347,453.84063217857425,8769509640.12,1230490359.8799992,12.30,0.00,0.0,0.0,208653.23064409953,459.75,174,18972.393114685896,41.80408665397055
2021-08-22,0.000503613614917462,0.0000011197,23.65848714452809,449.75045069985975,8765585857.95,1234414142.0499992,12.34,0.00,0.0,0.0,206858.22229489347,459.94,205,32729.685111460843,72.77299013381746
2021-08-23,0.000536437757718008,0.0000011948,23.533278685733137,449.274381337522,8758520647.22,1241479352.7800007,12.41,0.00,0.0,0.0,212115.91366088425,472.13,503,137411.3320742384,305.8516972749593
2021-08-24,0.000614749920836184,0.0000012297,25.184436231685805,499.5378225948843,8747053221.00,1252946779.0,12.53,0.00,0.0,0.0,237994.80481888072,476.43,384,94041.35688884149,188.2567297914241
2021-08-25,0.000646751640106604,0.0000013733,23.64367850980074,471.1101253118313,8724058148.89,1275941851.1100006,12.76,0.00,0.0,0.0,232723.69080279156,493.99,683,282353.2145464769,599.3359076279356
2021-08-26,0.00096106675184947,0.0000019099,25.96631673741795,503.05744307765724,8704383165.92,1295616834.08,12.96,0.00,0.0,0.0,289826.4846803306,576.13,1194,363592.9497614807,722.7662660889259
2021-08-27,0.001588968998864215,0.0000033163,24.896726612096142,479.16504111764215,8689487048.47,1310512951.5300007,13.11,0.00,0.0,0.0,360897.5256689857,753.18,2814,1338331.6654065314,2793.049472651222
2021-08-28,0.002880551371150799,0.0000058326,26.114657438293094,493.9822830185854,8656324283.01,1343675716.9899998,13.44,0.00,0.0,0.0,487081.3505248158,986.03,4977,2816924.3106530546,5702.480448164315
2021-08-29,0.003389701599528415,0.0000069836,25.435356707471378,485.17097524570266,8624929479.18,1375070520.8199997,13.75,0.00,0.0,0.0,508857.0222571978,1048.82,2339,1079327.8061814364,2224.633915157101
2021-08-30,0.003394604470417032,0.0000070565,25.282894293653865,480.84409342386385,8614072457.12,1385927542.8799992,13.86,27463.34,694352.7221706759,1443.3855493568124,505338.2915428755,1050.94,1307,572717.678527928,1191.0673051006527
2021-08-31,0.003742048287560146,0.0000081267,23.21483300149345,460.28495721629866,8607993221.95,1392006778.0499992,13.92,28217.78,655071.0503728818,1422.6259974801026,516154.3453232131,1121.38,1021,445911.43246843066,968.7725516063007
2021-09-01,0.003276458568912793,0.0000070442,22.947261281720543,465.0410258363526,8599439989.92,1400560010.08,14.01,28866.72,662412.1661862682,1424.1542914822217,479043.41112428514,1030.11,844,378858.3521877842,814.6772674656537
2021-09-02,0.002973267078780837,0.0000060795,24.140695052216937,488.9940489859021,8595058808.00,1404941192.0,14.05,29371.91,709058.3224111613,1449.8315114590057,467336.50255631655,955.71,735,210374.789297866,430.2195287123651
2021-09-03,0.003490969574767569,0.0000071983,23.485763747782627,484.8907810001953,8592442743.92,1407557256.08,14.08,29656.59,696507.6663048528,1436.1883123252871,503534.8315296529,1038.45,765,314099.7114286636,647.7741457174395
2021-09-04,0.003640086379391263,0.0000074714,23.39165943026343,487.22307945448887,8588976203.26,1411023796.7399998,14.11,30060.18,703157.4929724162,1443.2608086977318,514843.7558287639,1056.69,698,341649.2114591873,701.2172162322629
2021-09-05,0.003207980703851776,0.0000064312,24.155351264614122,498.6916150769945,8583466948.85,1416533051.1499996,14.17,30537.85,737652.4936160962,1478.798775771953,485311.7190444787,973.17,521,134395.99779609285,269.4972077590337
2021-09-06,0.003199489673254624,0.0000063556,24.42167697094248,503.2915790901524,8581458600.10,1418541399.8999996,14.19,30686.61,749418.4767532934,1488.6829109807593,486154.50082213274,965.95,468,119338.69536429645,237.1164158558668
2021-09-07,0.003323336919881468,0.0000066984,24.505727506398216,496.22902851322254,8579977776.02,1420022223.9799995,14.20,30836.98,755682.6290002516,1523.1299379071722,490929.30248870136,989.32,675,338282.7433398564,681.7068811016615
2021-09-08,0.002962096151590393,0.0000070808,20.804330276783187,418.23545915822996,8575073608.68,1424926391.3199997,14.25,30104.19,626297.5114750336,1497.139680235202,423630.69658137107,1012.9,569,273048.8056946579,652.8590527551517
2021-09-09,0.003272005635145917,0.0000079025,20.09124520048277,414.1641378749231,8572024969.59,1427975030.4099998,14.28,30019.49,603128.9343834405,1456.6726562119368,442965.11202274525,1069.54,395,150006.2418950957,362.1903206414201
2021-09-10,0.003051059050445352,0.0000072542,20.45236975192808,420.511397934033,8569671923.33,1430328076.67,14.30,30307.26,619855.2876878198,1473.777519446293,430107.4680348877,1022.82,445,141145.56650744696,335.6521778027737
2021-09-11,0.002747324343823215,0.0000068556,19.09807984149451,400.71809185238357,8566115056.23,1433884943.7700005,14.34,30636.48,585097.9411023497,1460.036472831789,396266.11385190365,988.89,361,98132.91074559341,244.89263834322603
2021-09-12,0.002839068267865045,0.0000070269,19.573053480529985,404.1282946906774,8562577661.08,1437422338.92,14.37,30821.11,603263.2343592976,1493.1165396525853,401574.2038682324,993.68,564,353805.0375004961,875.4770258571002
2021-09-13,0.002303533391484815,0.0000055251,20.460977377991206,417.1029523311238,8557175806.03,1442824193.9700003,14.43,31263.28,639677.2648418049,1534.2996725054975,367004.71672663244,879.89,374,111024.97801938701,266.18123271217723
2021-09-14,0.002567320813903234,0.0000064189,19.430580899634503,399.85207973874833,8555189283.57,1444810716.4300003,14.45,31485.46,611780.7776922061,1529.5935923910426,378635.92838781036,946.94,474,131101.20885490003,327.8742702565352
2021-09-15,0.002011763570590137,0.0000048606,20.752933260191742,413.75202469058854,8552294536.15,1447705463.8500004,14.48,31663.51,657110.7098134138,1587.6368599212678,340128.98941714515,822.06,603,307499.2019043436,743.1968511436223
2021-09-16,0.002332559234201673,0.0000054220,22.53906689542942,430.21574461029456,8546920898.45,1453079101.5500002,14.53,32019.44,721688.3001141886,1677.544918688062,373977.94247483683,869.28,448,113076.19637232138,262.8360253870997
2021-09-17,0.001836746488158311,0.0000043228,22.324612629799418,424.46136815497647,8543295842.87,1456704157.13,14.57,32332.85,721818.3514674102,1698.8039370213555,328061.9468332998,772.89,315,73591.44515033641,173.37607299863197
2021-09-18,0.001828727727689568,0.0000045100,21.27812718459809,405.53724526994245,8541209649.37,1458790350.63,14.59,32424.74,689937.7416475252,1701.505348775671,319656.6228391267,788.23,328,68973.12265140981,170.0783921967474
2021-09-19,0.002170625502289222,0.0000052872,22.395692883242774,410.49397708533667,8539192629.08,1460807370.92,14.61,32592.25,729926.0213738693,1777.9468219163332,349691.60919945664,851.88,447,146113.43236054757,355.94537439503614
2021-09-20,0.002662231578760984,0.0000065254,22.730048497590417,407.88606643478903,8537002038.66,1462997961.3400002,14.63,32779.20,745072.8057122158,1826.260371834304,385929.5594786043,946.17,459,276446.6882470925,677.7546746409627
2021-09-21,0.002620219233464096,0.0000072197,19.060427889142144,363.0077503103811,8532601193.88,1467398806.12,14.67,33225.65,633295.1058948756,1744.9636615522488,361283.4634964068,995.25,465,147778.4941520334,407.09459791334746
2021-09-22,0.002492888098419151,0.0000072479,17.878660979627224,344.0192282991638,8529865386.90,1470134613.1000004,14.70,33472.46,598442.7644941331,1739.9414948719289,342158.08427406533,994.59,426,85896.47445702447,249.68509720139167
2021-09-23,0.002677578755665095,0.0000070704,20.240460984309465,378.89465572559817,8528447255.28,1471552744.7200003,14.72,33596.96,680017.9580714057,1795.6583731015598,372066.97402942297,981.98,523,112076.77026991393,295.7992903206367
2021-09-24,0.002730600449136164,0.0000071242,20.093200234259328,383.32816173717407,8526751111.71,1473248888.29,14.73,33715.23,677446.867334107,1767.470415104051,377528.4066500907,984.87,431,68332.349490878,178.2607079563581
2021-09-25,0.002503941839325084,0.0000070601,18.81826590394154,354.5088945876127,8524993481.22,1475006518.7799997,14.75,33936.61,638628.1508583614,1800.6615096860487,347677.5081889094,980.73,395,112885.56694124082,318.42802441545643
2021-09-26,0.002206796555330747,0.0000063023,18.487464674226263,350.02863604100975,8517604488.44,1482395511.5600004,14.82,34292.92,633989.1470760672,1810.5766713086439,318869.08686063904,910.98,485,362993.6057215068,1037.039740025665
2021-09-27,0.003423503131749682,0.0000099525,18.64388728656147,343.823973451295,8501364417.08,1498635582.92,14.99,35085.16,654123.7684709751,1901.6159350090106,379554.1607723536,1103.92,525,191712.8336607814,557.5900706875486
2021-09-28,0.003046903569152904,0.0000090597,18.415705248838215,336.2279965153939,8494996350.15,1505003649.8500004,15.05,35492.36,653616.8403456556,1943.471853100363,348648.2587066726,1036.94,432,83866.58604992727,249.43367869155867
2021-09-29,0.002872604415602801,0.0000086420,18.074488774201335,332.40472475566094,8493493053.37,1506506946.63,15.07,35658.07,644501.3859246854,1938.9357890343379,335988.0476885269,1010.78,437,203875.5749918596,613.3353704335022
2021-09-30,0.003158484235693581,0.0000086077,18.486308476168542,366.9740956832769,8491194216.74,1508805783.2600002,15.09,35919.90,664026.3518331263,1809.6448929178216,370049.33860510285,1008.38,429,87078.84155807499,237.28879662729605
2021-10-01,0.003021658123326089,0.0000078206,18.83910667352531,386.3187569914694,8487816850.35,1512183149.6499996,15.12,35303.12,665079.243588265,1721.3568686643393,368277.67103996774,953.3,433,95512.90946120741,247.2386021456279
2021-10-02,0.003127252011516744,0.0000074311,19.911772025872263,420.86068868340703,8484382420.20,1515617579.8000002,15.16,35373.76,704354.2448179193,1673.7124854399508,387991.46889723296,921.9,328,94267.8871151703,223.98834020367116
2021-10-03,0.002853947210412047,0.0000066716,19.964911295904322,427.7239603952534,8482985320.08,1517014679.92,15.17,35604.67,710844.0782699456,1661.716918626747,373428.6808626799,873.06,360,132912.90531802445,310.74458675450774
2021-10-04,0.003019020144743819,0.0000070082,19.66495790284466,430.6692844196112,8466808756.73,1533191243.2700005,15.33,36091.26,709733.1085606214,1647.530217639855,366783.80276880605,851.66,378,246029.0647336122,571.2714457107656
2021-10-05,0.003104369677497785,0.0000072754,19.308775275853847,426.66000793113886,8452140067.93,1547859932.0699997,15.48,36761.09,709811.6257054382,1663.515977054574,354801.9293953765,831.58,364,157843.215205711,369.9508092429095
2021-10-06,0.003101348553184669,0.0000069976,20.00426835989161,443.1022585074771,8449054901.72,1550945098.2799997,15.51,37046.50,741088.1277947245,1672.1250330888026,360126.92957936693,812.74,286,86862.30467136453,196.03218671000926
2021-10-07,0.002886913699718102,0.0000066292,19.805298187292685,435.58298048575836,8447489173.29,1552510826.71,15.53,37190.91,736577.0624067654,1691.401750024322,343857.9164550674,789.42,642,334944.7709637432,768.9574339893071
2021-10-08,0.003889247714457796,0.0000088745,19.47996612336927,438.35175960844543,8444119338.24,1555880661.7600002,15.56,37664.29,733699.0932607559,1674.1637411367417,399934.6113963613,912.36,421,221443.2267476368,505.17243718934617
2021-10-09,0.00409150161741208,0.0000097744,19.503073162075896,418.4709793467319,8441603304.05,1558396695.9499998,15.58,37877.64,738730.3841267724,1764.783947597735,401782.3566903842,960.12,486,142826.27081373593,341.3050793550837
2021-10-10,0.004350730796791307,0.0000103278,19.70689091948507,421.0914989434348,8440456236.35,1559543763.6499996,15.60,38219.30,753183.5761190758,1787.9135991181304,413124.447783425,981.08,579,207786.91988807023,493.44838451840195
2021-10-11,0.004158727426678836,0.0000102930,18.619175384422537,403.76184004000294,8439037599.27,1560962400.7299995,15.61,38411.98,715199.392482931,1770.1456655913553,395432.23327997763,979.37,563,214358.3349091813,530.902907733786
2021-10-12,0.004804548667949443,0.0000116516,18.776015485574288,412.36267795038793,8436957781.10,1563042218.8999996,15.63,38648.23,725659.7649700368,1759.813950704252,428304.6190799499,1038.66,979,712851.714254648,1728.7008557559432
2021-10-13,0.005835639710260793,0.0000131849,19.406597975854936,442.6250615023924,8430967156.89,1569032843.1099997,15.69,39917.22,774657.4408537562,1750.2423777923163,485236.5761732277,1096.27,1326,967984.8066203229,2186.9182086859555
2021-10-14,0.006943256195057141,0.0000147950,20.25157074388431,469.701416897146,8424765771.15,1575234228.8500004,15.75,41314.88,836691.215095091,1782.855314557404,541701.9470933094,1153.29,2201,2035024.5567018744,4332.591905183669
2021-10-15,0.010757736571314265,0.0000228268,19.94175845389062,471.5056005073655,8418013650.79,1581986349.21,15.82,43621.02,869879.8443523318,1845.7912542948504,676129.601015552,1433.98,1616,1276245.0891175496,2706.744284148992
2021-10-16,0.011762076238876304,0.0000248263,19.837926208478372,474.07824696068434,8413095899.19,1586904100.8100004,15.87,45635.55,905314.6733833251,1910.852329907295,702674.0368626567,1482.19,1593,1432610.1084098432,3021.8853482400987
2021-10-17,0.013138924854706314,0.0000281813,19.747539737051113,466.262238376285,8406643091.91,1593356908.0900002,15.93,48141.37,950673.6170710806,2039.075571920837,722725.1199727767,1550.04,1679,1470141.2649709478,3153.035232041476
2021-10-18,0.01629864334386792,0.0000346936,19.43345994092743,469.6486810363976,8390842709.23,1609157290.7700005,16.09,49037.73,952972.7615490154,2028.5138846720565,726415.0079326169,1546.72,2448,2204956.6480779485,4694.906505884694
2021-10-19,0.020762398771222493,0.0000428640,19.77967792149623,484.39299517629826,8377639838.65,1622360161.3500004,16.22,53445.68,1057138.3366953523,2182.463431258327,761213.9040596492,1571.48,4166,3483477.3374128323,7191.427977080874
2021-10-20,0.02967306085217815,0.0000608806,20.17904379910157,488.01271793709304,8371296940.86,1628703059.1400003,16.29,58019.89,1170785.9015290553,2402.1147318405515,886157.8938660703,1815.85,4070,4147132.729253921,8498.001336490794
2021-10-21,0.028962261359382277,0.0000578322,20.437947479547486,501.1144037076196,8364862644.28,1635137355.7200003,16.35,64060.27,1309260.4337856313,2614.347137956361,875792.6322157697,1747.69,2469,2458336.936475529,4905.739923432477
2021-10-22,0.025907464845796924,0.0000548779,19.912839342229905,471.9163590704854,8358992253.11,1641007746.8900003,16.41,67395.74,1342040.5429706979,2842.749030240299,774735.6483588344,1641.68,2168,1948654.621325369,4129.237276630027
2021-10-23,0.01796944456335695,0.0000375471,19.759451418496603,478.7474656555664,8355163797.67,1644836202.33,16.45,70046.75,1384085.353648577,2892.0430393072934,647568.1844696888,1352.63,1223,838390.8832646144,1751.2173816243082
2021-10-24,0.019708990242906052,0.0000407147,19.83423547248978,484.2122166662466,8352840137.60,1647159862.3999996,16.47,71492.17,1417992.5342192696,2929.279228592972,674313.932929415,1392.6,1072,606126.3014438588,1251.7782091847632
2021-10-25,0.018803267425797313,0.0000395435,19.510211360111832,475.6588160246317,8351164521.25,1648835478.75,16.49,72398.42,1412508.4763381474,2970.518755135716,644812.6041793111,1355.62,1262,769985.9114728828,1618.7777573600354
2021-10-26,0.01943685664327543,0.0000401032,19.885730387600372,484.37707528446856,8349261345.68,1650738654.3199997,16.51,73363.85,1458893.7412963556,3010.0717404915554,648953.8741538725,1339.77,1257,1073661.3573281919,2216.5816924709825
2021-10-27,0.01996167714972728,0.0000417802,19.333189016315327,477.6783860294993,8345624997.88,1654375002.12,16.54,75757.71,1464638.126873202,3065.5159092051294,644970.9103847506,1350.22,1176,866238.3624278357,1813.4342849968111
2021-11-10,0.02061640695176445,0.0000327921,19.57344740665424,629.0169171823969,8312102883.37,1687897116.63,16.88,87550.02,1713655.7119215268,2725.7139964375783,665260.8719504465,1057.62,1202,642925.9476629868,1022.1123313231283
2021-11-20,0.01365458329066812,0.0000233436,16.040373837976208,584.4992595440849,8269543186.39,1730456813.6099997,17.30,145579.81,2335154.575661547,3992.140751045323,465308.1705378551,796.08,8646,610000.7630584326,1043.6296592304311
2021-11-30,0.007050290927082395,0.0000111719,14.663220825078815,631.0313547171199,8214348240.97,1785651759.0299997,17.86,142772.42,2093503.5221908994,3317.374363583886,1073832.3666356702,1701.71,2742,172227.78151182027,272.9306241668877
2021-10-28,0.018911655324895114,0.0000420423,18.050336976497714,449.77671464726086,8343022441.06,1656977558.9399996,16.57,77201.98,1393521.754252837,3097.926739409203,597370.9435587596,1328.15,1532,1503640.1393250492,3343.081334266681
2021-11-11,0.019566473662952853,0.0000316828,18.410598820742454,617.366440273847,8310658682.97,1689341317.0299997,16.89,88840.01,1635597.7833407477,2648.4281271234495,655914.8008045461,1062.44,1977,570669.389422521,924.360885521065
2021-11-21,0.011880396690671308,0.0000198744,15.767643258332939,598.3231811333015,8261705802.90,1738294197.1000004,17.38,146542.65,2310632.2273307433,3865.402003556884,444075.46503713646,742.2,7156,755149.5517279628,1262.109802093263
2021-12-01,0.00670748831279383,0.0000106729,14.105948594818228,628.6214623914235,8201372321.74,1798627678.2600002,17.99,144457.99,2037716.9810507656,3242.3919295921946,993441.9280902861,1580.35,2803,424449.2660033492,675.2064499812727
2021-10-29,0.015704918738693806,0.0000319929,18.198976539825964,491.03242914181374,8339900575.43,1660099424.5699997,16.60,79364.95,1444360.8631344605,2942.341209204186,575391.8004683773,1171.8,1344,920249.3782449852,1874.1112065720827
2021-11-12,0.017312876869331296,0.0000274382,18.853991777555986,631.0194986706639,8308169218.74,1691830781.2600002,16.92,101554.73,1914712.0443919185,3034.516330839718,613010.2021786032,971.46,9841,697022.3672605614,1104.597193476497
2021-11-22,0.01330658126818137,0.0000230433,14.89556591227101,577.6032658958163,8233774104.73,1766225895.2700005,17.66,140466.11,2092322.19994531,3623.3232083392795,1421672.2464473494,2461.33,6651,504853.00554519804,874.0480453520489
2021-12-02,0.007279612906300703,0.0000117058,13.339699674929264,621.7066327242682,8199617659.71,1800382340.29,18.00,145321.72,1938548.1010441617,3117.24589912353,1039928.6845578834,1672.7,2781,160746.31842991966,258.556544146139
2021-10-30,0.016921394010112896,0.0000320231,18.558958190101897,528.6887177381097,8337752896.89,1662247103.1099997,16.62,80848.36,1500461.3329783066,2839.562363405254,623535.4737003266,1179.4,1066,612601.1186044161,1158.7179715604846
2021-11-13,0.017037026380722305,0.0000271281,18.344145390478317,628.0010631191471,8306468179.10,1693531820.8999996,16.94,102987.93,1889225.5613844034,3008.2223540967143,611742.1155949924,974.11,15599,1239924.7235685233,1974.3990836736518
2021-11-23,0.010403653171129453,0.0000184252,15.06191326020878,564.8874216222563,8232161162.25,1767838837.75,17.68,137062.73,2064426.9504674159,3656.161545245668,1256281.3813168167,2223.95,4870,490358.6684591429,868.0644137037428
2021-12-03,0.007656947801622949,0.0000123896,13.133323195242937,617.7939279698712,8197831934.93,1802168065.0699997,18.02,145729.54,1913913.1479140832,3096.869166328383,1061925.9827874117,1718.9,2756,183123.95558121006,296.4159200835342
2021-10-31,0.019569967082180312,0.0000372242,17.94788976627401,526.0074363686867,8336354648.13,1663645351.87,16.64,81601.17,1464568.8039589857,2785.7682485932946,668181.986344779,1270.29,1283,1112304.479812793,2114.6174044451373
2021-11-14,0.01738231946720222,0.0000265884,18.47698840196103,653.6872610621189,8291500531.80,1708499468.1999998,17.08,106417.05,1966266.5986209072,3007.647009621852,578866.2171609487,885.54,20808,909622.0348016111,1391.5247993721744
2021-11-24,0.009258790131361017,0.0000156233,14.805754286232158,592.6898648819549,8230623934.23,1769376065.7700005,17.69,137471.15,2035364.068345764,3434.4755759533605,1217165.6872175292,2053.63,4791,902199.0741922618,1522.2110713365266
2021-12-04,0.007007391539899304,0.0000120364,12.320728688786945,582.1485156631684,8195847429.38,1804152570.62,18.04,146439.87,1804245.9074912306,3099.1066932718054,961057.3415380114,1650.88,3487,408923.74871135294,702.4388754912785
2021-11-01,0.020052936774329365,0.0000382242,17.674342607012576,524.8052770224959,8334689149.39,1665310850.6099997,16.65,83313.07,1472503.7428220215,2806.835909086759,667594.2967947766,1272.08,1239,628245.9113964242,1197.1028853993291
2021-11-15,0.01858696395224341,0.0000282698,18.477282841226348,657.1919168447017,8289599900.40,1710400099.6000004,17.10,107973.81,1995062.6268148334,3034.3867611124256,600193.6618967607,913.27,24324,1179210.6007093743,1794.3169574741264
2021-11-25,0.00810474883101462,0.0000135414,14.213522160394396,598.291908844488,8227388804.24,1772611195.7600002,17.73,138783.53,1972602.7791527605,3295.8267437135164,1144640.114163098,1913.18,4064,399137.62033374613,667.1285612145768
2021-11-02,0.018268458722883095,0.0000331906,18.427478239308932,550.4410973852085,8333540550.19,1666459449.8100004,16.66,84146.69,1550611.2988848747,2817.191558357709,648518.692117305,1178.18,1157,878060.6267291204,1595.1945283523005
2021-11-16,0.01936697778138859,0.0000306756,18.379779578033244,631.3667072781344,8284392960.04,1715607039.96,17.16,109552.97,2013559.440718889,3189.3064906621507,580327.02266177,919.16,25916,898143.3828884328,1422.5383957294662
2021-11-26,0.010068408095489418,0.0000157508,14.457359868598367,639.3963944056496,8226086567.05,1773913432.9499998,17.74,139518.61,2017070.753136627,3155.455549776162,1313895.6508641697,2054.9,4117,351747.7907682226,550.1247643024159
2021-11-17,0.01600645957066305,0.0000274278,16.682861361633904,583.5386254901093,8281776763.92,1718223236.08,17.18,111100.29,1853470.7353073214,3176.008403377829,511454.0990833162,876.47,22100,836887.9830460509,1434.1603905708132
2021-11-27,0.00809481730185393,0.0000136986,12.911939739738637,590.796877010933,8224331365.30,1775668634.6999998,17.76,140322.30,1811833.0817415267,3066.106755230288,1127571.2875879866,1908.56,3308,228479.6596568924,386.7313260233504
2021-11-18,0.01627432048690956,0.0000278183,16.752870994782693,584.8744701975432,8278397671.00,1721602329.0,17.22,143161.70,2398369.4914937816,4099.61942701738,509782.4369688807,871.61,16932,808378.950531205,1382.1409408726156
2021-11-28,0.0079485268898038,0.0000131892,13.172535072820896,602.4513896054251,8220473453.12,1779526546.88,17.80,141194.80,1859893.4550999317,3086.180617635404,1120143.8932072627,1859.31,3019,193729.97356548798,321.56946918550767
2021-11-19,0.013843411306646151,0.0000256144,15.022353177471622,540.6971891961412,8271723786.12,1728276213.88,17.28,144847.21,2175945.945391399,4026.1417857546617,452785.23320474057,837.41,11976,356984.4723934398,660.2299392829681
2021-11-29,0.008064627512108347,0.0000131499,13.606559280416455,612.8343427662134,8216548653.49,1783451346.5100002,17.83,142047.76,1932781.2670903695,3151.5296429882837,1131335.0951504235,1846.07,3149,282971.1375654446,461.7416450392918
2021-11-03,0.021064187409248147,0.0000382516,18.381416373983512,550.5311198008403,8331575123.81,1668424876.1899996,16.68,85511.11,1571815.3175115052,2854.346989119945,693206.7648084261,1259.16,1131,936596.9601306898,1701.2607034267423
2021-11-04,0.02130101942632726,0.0000378632,18.7512348731125,562.5474952373219,8330170873.97,1669829126.0299997,16.70,86898.08,1629446.30810252,2896.391577448579,718738.8072899643,1277.65,1035,750227.4337253923,1333.6250540212502
2021-11-05,0.02001978272413416,0.0000359898,18.667365494976984,555.8709900841045,8328945488.64,1671054511.3599997,16.71,87795.72,1638914.7941346606,2946.2987307341177,680591.764129275,1224.37,889,573208.1443685696,1031.1891690585292
2021-11-06,0.02101613969403426,0.0000342298,19.567104345381132,613.6486566129144,8327868097.03,1672131902.9700003,16.72,88805.38,1737664.136891223,2830.2028847101096,738335.9271500924,1203.19,822,520738.0673635778,848.5931839855001
2021-11-07,0.022795775217066473,0.0000359427,19.167716707298755,633.946637948932,8318561275.67,1681438724.33,16.81,89937.41,1723894.7962681782,2718.113967582397,697265.2281472713,1099.88,2153,1549261.997363281,2443.8366017300073
2021-11-08,0.026417412563594138,0.0000413783,19.832978635158856,638.2870685999936,8315907492.68,1684092507.3199997,16.84,84133.10,1668609.9748096836,2613.58934458122,760723.2940988444,1191.82,1622,908079.1456914302,1422.681408356264
2021-11-09,0.025345344588001507,0.0000386930,20.092981858183784,655.5617678787644,8314730389.79,1685269610.21,16.85,85042.38,1708754.9985167715,2608.6360274507024,760589.3187106212,1160.21,1770,1465910.6286105276,2236.1136668385216
2021-12-05,0.00625677751060522,0.0000111490,11.199920264197353,561.1586291089312,8192962696.70,1807037303.3000002,18.07,147447.40,1651399.1231632123,2942.633428739255,902230.8438813396,1607.8,3727,426820.94097494334,760.6065715369932
